"Service Request Description","Department","Block/Address","Street","Ward","Method Received","Created Date"
"3 Day Parking Infraction","Parking Enforcement","28##","JOS ST LOUIS","WARD 8","Phone","JAN 03, 2024 12:02:21 PM"
"3 Day Parking Infraction","Parking Enforcement","22##","WOODLAWN","WARD 4","E-Mail","JAN 04, 2024 08:47:19 AM"
"3 Day Parking Infraction","Parking Enforcement","10##","LENS","WARD 4","E-Mail","JAN 04, 2024 09:05:31 AM"
"3 Day Parking Infraction","Parking Enforcement","27##","ROBERT","WARD 5","Phone","JAN 05, 2024 12:56:09 PM"
"3 Day Parking Infraction","Parking Enforcement","112##","TIMBER BAY","WARD 7","Phone","JAN 05, 2024 09:10:28 AM"
"3 Day Parking Infraction","Parking Enforcement","12##","MOY","WARD 4","Phone","JAN 05, 2024 09:38:41 AM"
"3 Day Parking Infraction","Parking Enforcement","14##","HELSINKI","WARD 9","Phone","JAN 09, 2024 09:09:45 AM"
"3 Day Parking Infraction","Parking Enforcement","17##","KIRKLAND","WARD 7","Phone","JAN 10, 2024 02:25:04 PM"
"3 Day Parking Infraction","Parking Enforcement","26##","LANGLOIS","WARD 10","Phone","JAN 10, 2024 03:11:29 PM"
"3 Day Parking Infraction","Parking Enforcement","26##","LANGLOIS","WARD 10","Phone","JAN 15, 2024 08:18:31 AM"
"3 Day Parking Infraction","Parking Enforcement","23##","AUBIN","WARD 5","Phone","JAN 02, 2024 08:55:59 AM"
"3 Day Parking Infraction","Parking Enforcement","54##","LASSALINE","WARD 8","Phone","FEB 12, 2024 10:46:37 AM"
"3 Day Parking Infraction","Parking Enforcement","36##","MAGUIRE","WARD 9","Phone","FEB 12, 2024 08:55:18 AM"
"3 Day Parking Infraction","Parking Enforcement"," ","LENS AVE & WELLESLEY AVE","WARD 4","E-Mail","FEB 07, 2024 08:55:35 AM"
"3 Day Parking Infraction","Parking Enforcement","11##","LENS","WARD 4","E-Mail","FEB 12, 2024 10:20:26 AM"
"3 Day Parking Infraction","Parking Enforcement","119##","THISTLEDOWN","WARD 7","Phone","FEB 27, 2024 12:03:07 PM"
"3 Day Parking Infraction","Parking Enforcement","23##","CALIFORNIA","WARD 10","Phone","JAN 17, 2024 12:24:16 PM"
"3 Day Parking Infraction","Parking Enforcement","42##","WHISKEY","WARD 1","Phone","JAN 19, 2024 09:59:36 AM"
"3 Day Parking Infraction","Parking Enforcement","13##","BRUCE","WARD 3","Phone","JAN 19, 2024 10:52:15 AM"
"3 Day Parking Infraction","Parking Enforcement","11##","LENS","WARD 4","Phone","JAN 19, 2024 11:08:09 AM"
"3 Day Parking Infraction","Parking Enforcement","23##","CALIFORNIA","WARD 10","Phone","JAN 17, 2024 12:22:17 PM"
"3 Day Parking Infraction","Parking Enforcement","54##","LASSALINE","WARD 8","Phone","FEB 12, 2024 10:48:43 AM"
"3 Day Parking Infraction","Parking Enforcement","13##","DOUGALL","WARD 3","Phone","FEB 20, 2024 11:32:27 AM"
"3 Day Parking Infraction","Parking Enforcement","12##","TOURANGEAU","WARD 5","Phone","FEB 01, 2024 02:33:32 PM"
"3 Day Parking Infraction","Parking Enforcement"," ","ALICE ST & ALBERT RD","WARD 5","E-Mail","JAN 03, 2024 09:33:12 AM"
"3 Day Parking Infraction","Parking Enforcement","17##","BANWELL","WARD 7","Phone","JAN 03, 2024 10:55:50 AM"
"3 Day Parking Infraction","Parking Enforcement","118##","BOULDER","WARD 7","Phone","JAN 19, 2024 02:43:51 PM"
"3 Day Parking Infraction","Parking Enforcement","14##","PILLETTE","WARD 5","Phone","JAN 19, 2024 03:05:56 PM"
"3 Day Parking Infraction","Parking Enforcement","23##","TIMBERCREST","WARD 7","Phone","JAN 19, 2024 04:00:25 PM"
"3 Day Parking Infraction","Parking Enforcement","23##","CALIFORNIA","WARD 10","Phone","JAN 24, 2024 01:39:05 PM"
"3 Day Parking Infraction","Parking Enforcement","10##","JANETTE","WARD 3","Phone","FEB 06, 2024 08:46:05 AM"
"3 Day Parking Infraction","Parking Enforcement","11##","LENS","WARD 4","E-Mail","FEB 07, 2024 08:45:25 AM"
"3 Day Parking Infraction","Parking Enforcement"," ","LENS AVE & WELLESLEY AVE","WARD 4","E-Mail","FEB 07, 2024 08:55:32 AM"
"3 Day Parking Infraction","Parking Enforcement","13##","PARENT","WARD 4","Citizen Mobile Apps","FEB 07, 2024 10:44:52 AM"
"3 Day Parking Infraction","Parking Enforcement","13##","DOUGALL","WARD 3","Phone","FEB 08, 2024 09:14:27 AM"
"3 Day Parking Infraction","Parking Enforcement"," ","GATESIDE PL & GATESIDE CRT","WARD 6","Phone","FEB 12, 2024 01:32:46 PM"
"3 Day Parking Infraction","Parking Enforcement","24##","DUNESHILL","WARD 7","Web Intake","JAN 18, 2024 10:20:57 AM"
"3 Day Parking Infraction","Parking Enforcement","106##","WINSLOW","WARD 7","Phone","JAN 22, 2024 10:46:58 AM"
"3 Day Parking Infraction","Parking Enforcement","23##","TIMBERCREST","WARD 7","Citizen Mobile Apps","JAN 22, 2024 11:27:20 AM"
"3 Day Parking Infraction","Parking Enforcement","10##","SILVERDALE","WARD 1","Phone","JAN 22, 2024 01:22:09 PM"
"3 Day Parking Infraction","Parking Enforcement","17##","ALBERT","WARD 5","E-Mail","JAN 22, 2024 02:06:27 PM"
"3 Day Parking Infraction","Parking Enforcement","23##","CALIFORNIA","WARD 10","Phone","JAN 22, 2024 02:52:48 PM"
"3 Day Parking Infraction","Parking Enforcement","12##","VIRGINIA","WARD 6","Citizen Mobile Apps","JAN 22, 2024 03:17:04 PM"
"3 Day Parking Infraction","Parking Enforcement","12##","VIRGINIA","WARD 6","Citizen Mobile Apps","JAN 22, 2024 03:19:02 PM"
"3 Day Parking Infraction","Parking Enforcement","1##","BRIDGE","WARD 2","Phone","JAN 23, 2024 03:34:15 PM"
"3 Day Parking Infraction","Parking Enforcement","106##","WINSLOW","WARD 7","Phone","JAN 22, 2024 10:48:58 AM"
"3 Day Parking Infraction","Parking Enforcement","12##","RANKIN","WARD 2","Phone","JAN 15, 2024 10:05:20 AM"
"3 Day Parking Infraction","Parking Enforcement","25##","GEORGE","WARD 5","Phone","JAN 15, 2024 02:09:14 PM"
"3 Day Parking Infraction","Parking Enforcement","11##","LENS","WARD 4","Phone","JAN 16, 2024 10:42:34 AM"
"3 Day Parking Infraction","Parking Enforcement","21##","CURRY","WARD 10","Web Intake","JAN 16, 2024 11:57:07 AM"
"3 Day Parking Infraction","Parking Enforcement","21##","CURRY","WARD 10","Web Intake","JAN 16, 2024 11:57:10 AM"
"3 Day Parking Infraction","Parking Enforcement","14##","PELISSIER","WARD 3","Phone","JAN 03, 2024 03:01:46 PM"
"3 Day Parking Infraction","Parking Enforcement","35##","HEMLOCK","WARD 7","E-Mail","JAN 12, 2024 08:26:14 AM"
"3 Day Parking Infraction","Parking Enforcement","24##","DUNESHILL","WARD 7","Citizen Mobile Apps","JAN 12, 2024 08:44:22 AM"
"3 Day Parking Infraction","Parking Enforcement","34##","CARIBOU","WARD 9","Phone","JAN 12, 2024 10:25:07 AM"
"3 Day Parking Infraction","Parking Enforcement","21##","WOODLAWN","WARD 4","E-Mail","FEB 12, 2024 10:20:18 AM"
"3 Day Parking Infraction","Parking Enforcement"," ","LENS AVE & WOODLAWN AVE","WARD 4","E-Mail","FEB 12, 2024 10:08:12 AM"
"3 Day Parking Infraction","Parking Enforcement","22##","FOREST","WARD 4","Phone","FEB 12, 2024 10:22:21 AM"
"3 Day Parking Infraction","Parking Enforcement","22##","FOREST","WARD 4","E-Mail","FEB 12, 2024 10:24:23 AM"
"3 Day Parking Infraction","Parking Enforcement"," ","LENS AVE & FOREST AVE","WARD 4","Phone","FEB 12, 2024 10:26:26 AM"
"3 Day Parking Infraction","Parking Enforcement","42##","TUMBLEWEED","WARD 1","Citizen Mobile Apps","FEB 12, 2024 11:19:02 AM"
"3 Day Parking Infraction","Parking Enforcement","11##","HEATHFIELD","WARD 6","Phone","FEB 13, 2024 12:47:42 PM"
"3 Day Parking Infraction","Parking Enforcement","25##","LINCOLN","WARD 4","Phone","FEB 15, 2024 01:57:35 PM"
"3 Day Parking Infraction","Parking Enforcement"," ","GATESIDE CRT & GATESIDE PL","WARD 6","Phone","FEB 12, 2024 01:30:44 PM"
"3 Day Parking Infraction","Parking Enforcement","14##","ARTHUR","WARD 5","Citizen Mobile Apps","FEB 15, 2024 08:45:39 AM"
"3 Day Parking Infraction","Parking Enforcement","47##","BARCELONA","WARD 9","Phone","JAN 12, 2024 11:27:38 AM"
"3 Day Parking Infraction","Parking Enforcement"," ","LENS AVE & FOREST AVE","WARD 4","E-Mail","JAN 12, 2024 03:13:19 PM"
"3 Day Parking Infraction","Parking Enforcement","25##","CHANDLER","WARD 5","Phone","JAN 12, 2024 03:51:36 PM"
"3 Day Parking Infraction","Parking Enforcement","38##","VAUGHAN","WARD 2","Phone","JAN 15, 2024 09:41:10 AM"
"3 Day Parking Infraction","Parking Enforcement","17##","ALBERT","WARD 5","E-Mail","JAN 17, 2024 08:46:38 AM"
"3 Day Parking Infraction","Parking Enforcement","17##","ALBERT","WARD 5","E-Mail","JAN 17, 2024 08:48:37 AM"
"3 Day Parking Infraction","Parking Enforcement"," ","ALBERT RD & ALICE ST","WARD 5","E-Mail","JAN 17, 2024 08:50:42 AM"
"3 Day Parking Infraction","Parking Enforcement"," ","ALBERT RD & ALICE ST","WARD 5","E-Mail","JAN 17, 2024 08:50:45 AM"
"3 Day Parking Infraction","Parking Enforcement"," ","LENS AVE & FOREST AVE","WARD 4","Phone","JAN 16, 2024 10:44:36 AM"
"3 Day Parking Infraction","Parking Enforcement","46##","BUNKER","WARD 9","Phone","FEB 12, 2024 12:56:20 PM"
"3 Day Parking Infraction","Parking Enforcement","26##","TEEDIE","WARD 8","Phone","FEB 12, 2024 01:28:45 PM"
"3 Day Parking Infraction","Parking Enforcement"," ","GATESIDE CRT & GATESIDE PL","WARD 6","Phone","FEB 12, 2024 01:28:49 PM"
"3 Day Parking Infraction","Parking Enforcement","12##","GEORGE","WARD 5","Phone","FEB 12, 2024 03:52:28 PM"
"3 Day Parking Infraction","Parking Enforcement","19##","ETHAN","WARD 8","E-Mail","FEB 13, 2024 08:14:27 AM"
"3 Day Parking Infraction","Parking Enforcement","17##","ALBERT","WARD 5","E-Mail","MAR 05, 2024 03:09:21 PM"
"3 Day Parking Infraction","Parking Enforcement","17##","ALBERT","WARD 5","Phone","MAR 05, 2024 03:11:23 PM"
"3 Day Parking Infraction","Parking Enforcement","13##","DOUGALL","WARD 3","Phone","JAN 08, 2024 01:20:42 PM"
"3 Day Parking Infraction","Parking Enforcement","15##","CHURCH","WARD 3","Phone","MAR 08, 2024 12:14:30 PM"
"3 Day Parking Infraction","Parking Enforcement","4##","HALL","WARD 4","Phone","MAR 08, 2024 12:26:37 PM"
"3 Day Parking Infraction","Parking Enforcement","4##","HALL","WARD 4","Phone","MAR 11, 2024 10:52:14 AM"
"3 Day Parking Infraction","Parking Enforcement","22##","FOREST","WARD 4","E-Mail","MAR 12, 2024 09:06:36 AM"
"3 Day Parking Infraction","Parking Enforcement"," ","NORTHWAY AVE & LABELLE ST","WARD 10","Phone","FEB 21, 2024 10:12:51 AM"
"3 Day Parking Infraction","Parking Enforcement","8##","SHEPHERD","WARD 4","Phone","FEB 21, 2024 12:28:28 PM"
"3 Day Parking Infraction","Parking Enforcement","10##","PARENT","WARD 4","E-Mail","FEB 22, 2024 11:37:21 AM"
"3 Day Parking Infraction","Parking Enforcement","10##","COVENTRY","WARD 6","Phone","FEB 22, 2024 01:02:14 PM"
"3 Day Parking Infraction","Parking Enforcement","4##","CARLING","WARD 6","Text","FEB 21, 2024 01:27:09 PM"
"3 Day Parking Infraction","Parking Enforcement","10##","PARENT","WARD 4","Phone","FEB 23, 2024 01:15:57 PM"
"3 Day Parking Infraction","Parking Enforcement","4##","LOUIS","WARD 4","Phone","MAR 05, 2024 01:34:13 PM"
"3 Day Parking Infraction","Parking Enforcement","9##","MATTHEW BRADY","WARD 6","Phone","JAN 29, 2024 04:00:29 PM"
"3 Day Parking Infraction","Parking Enforcement","17##","ALBERT","WARD 5","E-Mail","FEB 01, 2024 08:12:49 AM"
"3 Day Parking Infraction","Parking Enforcement","26##","LANGLOIS","WARD 10","Phone","FEB 01, 2024 08:18:50 AM"
"3 Day Parking Infraction","Parking Enforcement","6##","PRINCE","WARD 2","Phone","FEB 01, 2024 12:28:01 PM"
"3 Day Parking Infraction","Parking Enforcement"," ","WOODLAWN AVE & LENS AVE","WARD 4","E-Mail","FEB 05, 2024 10:15:48 AM"
"3 Day Parking Infraction","Parking Enforcement","15##","CHURCH","WARD 3","Phone","MAR 06, 2024 09:26:42 AM"
"3 Day Parking Infraction","Parking Enforcement","2##","LANGLOIS","WARD 4","Phone","MAR 06, 2024 09:30:45 AM"
"3 Day Parking Infraction","Parking Enforcement","13##","ELSMERE","WARD 4","Phone","MAR 06, 2024 02:26:20 PM"
"3 Day Parking Infraction","Parking Enforcement","8##","SHEPHERD","WARD 4","Phone","MAR 06, 2024 02:36:32 PM"
"3 Day Parking Infraction","Parking Enforcement","107##","SPRINGHOLLOW","WARD 7","Phone","MAR 08, 2024 10:02:54 AM"
"3 Day Parking Infraction","Parking Enforcement","22##","ROXBOROUGH","WARD 10","Phone","JAN 02, 2024 10:28:44 AM"
"3 Day Parking Infraction","Parking Enforcement","101##","SHENANDOAH","WARD 7","Phone","JAN 02, 2024 01:05:53 PM"
"3 Day Parking Infraction","Parking Enforcement","22##","LAMONT","WARD 1","Phone","JAN 02, 2024 03:31:05 PM"
"3 Day Parking Infraction","Parking Enforcement","10##","LENS","WARD 4","E-Mail","JAN 04, 2024 09:03:34 AM"
"3 Day Parking Infraction","Parking Enforcement","45##","SASSAFRAS","WARD 9","Phone","JAN 05, 2024 12:46:04 PM"
"3 Day Parking Infraction","Parking Enforcement","10##","VICTORIA","WARD 3","Phone","JAN 12, 2024 12:30:06 PM"
"3 Day Parking Infraction","Parking Enforcement","3##","LINCOLN","WARD 4","Phone","JAN 12, 2024 02:57:13 PM"
"3 Day Parking Infraction","Parking Enforcement","15##","CHURCH","WARD 3","Phone","FEB 15, 2024 10:12:44 AM"
"3 Day Parking Infraction","Parking Enforcement","11##","MARION","WARD 4","Phone","FEB 21, 2024 01:59:35 PM"
"3 Day Parking Infraction","Parking Enforcement","25##","NORTHWAY","WARD 10","Phone","FEB 28, 2024 12:02:32 PM"
"3 Day Parking Infraction","Parking Enforcement","9##","ESDRAS","WARD 6","Phone","FEB 28, 2024 03:00:41 PM"
"3 Day Parking Infraction","Parking Enforcement","85##","FOXHILL","WARD 6","Phone","MAR 04, 2024 08:06:48 AM"
"3 Day Parking Infraction","Parking Enforcement","16##","CURRY","WARD 10","Phone","JAN 10, 2024 12:16:06 PM"
"3 Day Parking Infraction","Parking Enforcement","13##","LANGLOIS","WARD 4","Phone","JAN 10, 2024 01:14:32 PM"
"3 Day Parking Infraction","Parking Enforcement","15##","GLADSTONE","WARD 4","Phone","JAN 11, 2024 11:18:39 AM"
"3 Day Parking Infraction","Parking Enforcement","33##","WILDWOOD","WARD 7","Phone","JAN 29, 2024 03:32:08 PM"
"3 Day Parking Infraction","Parking Enforcement","19##","RANDOLPH","WARD 10","Phone","JAN 11, 2024 01:57:52 PM"
"3 Day Parking Infraction","Parking Enforcement","36##","ROCKWELL","WARD 1","Phone","JAN 18, 2024 09:16:22 AM"
"3 Day Parking Infraction","Parking Enforcement","36##","ROCKWELL","WARD 1","Phone","JAN 18, 2024 09:16:25 AM"
"3 Day Parking Infraction","Parking Enforcement","93##","AIRE","WARD 6","Phone","JAN 18, 2024 11:57:36 AM"
"3 Day Parking Infraction","Parking Enforcement","98##","HOLLY","WARD 7","Phone","JAN 18, 2024 01:34:18 PM"
"3 Day Parking Infraction","Parking Enforcement","8##","HALL","WARD 4","Phone","JAN 18, 2024 02:00:31 PM"
"3 Day Parking Infraction","Parking Enforcement","2##","BUCKINGHAM","WARD 6","Phone","JAN 18, 2024 03:47:19 PM"
"3 Day Parking Infraction","Parking Enforcement"," ","ALICE ST & ALBERT RD","WARD 5","E-Mail","JAN 22, 2024 02:04:26 PM"
"3 Day Parking Infraction","Parking Enforcement","21##","WOODLAWN","WARD 4","E-Mail","JAN 12, 2024 03:11:19 PM"
"3 Day Parking Infraction","Parking Enforcement","17##","ALBERT","WARD 5","E-Mail","JAN 17, 2024 08:48:39 AM"
"3 Day Parking Infraction","Parking Enforcement","13##","PARENT","WARD 4","Citizen Mobile Apps","JAN 17, 2024 10:23:20 AM"
"3 Day Parking Infraction","Parking Enforcement"," ","OVERLAND","WARD 7","Phone","JAN 17, 2024 10:55:35 AM"
"3 Day Parking Infraction","Parking Enforcement","17##","ALBERT","WARD 5","Phone","JAN 11, 2024 01:21:32 PM"
"3 Day Parking Infraction","Parking Enforcement","22##","ROXBOROUGH","WARD 10","Phone","JAN 11, 2024 03:16:32 PM"
"3 Day Parking Infraction","Parking Enforcement","10##","SILVERDALE","WARD 1","Phone","JAN 15, 2024 10:39:36 AM"
"3 Day Parking Infraction","Parking Enforcement","17##","ALBERT","WARD 5","E-Mail","JAN 15, 2024 02:07:13 PM"
"3 Day Parking Infraction","Parking Enforcement","17##","ALBERT","WARD 5","E-Mail","JAN 11, 2024 01:23:33 PM"
"3 Day Parking Infraction","Parking Enforcement","45##","SASSAFRAS","WARD 9","Phone","JAN 09, 2024 02:50:20 PM"
"3 Day Parking Infraction","Parking Enforcement","11##","LILLIAN","WARD 4","Phone","JAN 25, 2024 03:33:49 PM"
"3 Day Parking Infraction","Parking Enforcement","6##","ARGYLE","WARD 4","Phone","JAN 30, 2024 08:32:25 AM"
"3 Day Parking Infraction","Parking Enforcement","9##","MARION","WARD 4","Phone","FEB 29, 2024 01:49:16 PM"
"3 Day Parking Infraction","Parking Enforcement","1##","OAK","WARD 3","Phone","MAR 04, 2024 02:03:07 PM"
"3 Day Parking Infraction","Parking Enforcement","11##","HICKORY","WARD 5","Phone","MAR 11, 2024 10:11:45 AM"
"3 Day Parking Infraction","Parking Enforcement","11##","IVANHILL","WARD 7","Phone","MAR 11, 2024 01:15:53 PM"
"3 Day Parking Infraction","Parking Enforcement","31##","HALPIN","WARD 7","Phone","MAR 11, 2024 02:00:26 PM"
"3 Day Parking Infraction","Parking Enforcement","22##","WOODLAWN","WARD 4","Citizen Mobile Apps","MAR 11, 2024 02:10:33 PM"
"3 Day Parking Infraction","Parking Enforcement","29##","RUSHTON","WARD 7","Citizen Mobile Apps","MAR 11, 2024 03:01:10 PM"
"3 Day Parking Infraction","Parking Enforcement","39##","LENNON","WARD 1","Phone","JAN 29, 2024 08:55:33 AM"
"3 Day Parking Infraction","Parking Enforcement","5##","HILDEGARDE","WARD 10","Phone","JAN 31, 2024 03:40:45 PM"
"3 Day Parking Infraction","Parking Enforcement","13##","COTTAGE","WARD 6","Phone","FEB 02, 2024 11:08:22 AM"
"3 Day Parking Infraction","Parking Enforcement","118##","COBBLESTONE","WARD 7","Phone","FEB 02, 2024 01:40:09 PM"
"3 Day Parking Infraction","Parking Enforcement","39##","BYNG","WARD 9","Phone","JAN 08, 2024 02:11:05 PM"
"3 Day Parking Infraction","Parking Enforcement"," ","OVERLAND DR & FIRGROVE DR","WARD 7","Phone","JAN 16, 2024 09:46:10 AM"
"3 Day Parking Infraction","Parking Enforcement","10##","PIERRE","WARD 4","Phone","MAR 13, 2024 11:56:55 AM"
"3 Day Parking Infraction","Parking Enforcement","21##","LILLIAN","WARD 4","Phone","MAR 13, 2024 12:47:19 PM"
"3 Day Parking Infraction","Parking Enforcement","19##","VENETIAN","WARD 7","E-Mail","JAN 16, 2024 10:14:27 AM"
"3 Day Parking Infraction","Parking Enforcement","1##","ELM","WARD 3","Phone","JAN 23, 2024 10:48:48 AM"
"3 Day Parking Infraction","Parking Enforcement"," ","FIRGROVE DR & OVERLAND DR","WARD 7","Phone","JAN 19, 2024 10:48:02 AM"
"3 Day Parking Infraction","Parking Enforcement","11##","BROCK","WARD 2","E-Mail","JAN 17, 2024 09:53:07 AM"
"3 Day Parking Infraction","Parking Enforcement","13##","HENRY FORD CENTRE","WARD 5","Citizen Mobile Apps","JAN 22, 2024 03:45:12 PM"
"3 Day Parking Infraction","Parking Enforcement","17##","MOY","WARD 4","Phone","FEB 02, 2024 02:18:35 PM"
"3 Day Parking Infraction","Parking Enforcement","22##","ROXBOROUGH","WARD 10","Phone","FEB 07, 2024 12:34:11 PM"
"3 Day Parking Infraction","Parking Enforcement","22##","WOODLAWN","WARD 4","Text","FEB 02, 2024 03:09:11 PM"
"3 Day Parking Infraction","Parking Enforcement","16##","FORD","WARD 8","Phone","FEB 02, 2024 03:49:40 PM"
"3 Day Parking Infraction","Parking Enforcement","16##","FORD","WARD 8","Phone","FEB 02, 2024 03:51:41 PM"
"3 Day Parking Infraction","Parking Enforcement","11##","BROCK","WARD 2","E-Mail","FEB 07, 2024 08:39:20 AM"
"3 Day Parking Infraction","Parking Enforcement","17##","ALBERT","WARD 5","E-Mail","JAN 03, 2024 09:29:10 AM"
"3 Day Parking Infraction","Parking Enforcement","17##","RANKIN","WARD 10","Phone","JAN 03, 2024 09:55:26 AM"
"3 Day Parking Infraction","Parking Enforcement","22##","BETHLEHEM","WARD 1","Phone","JAN 03, 2024 01:28:59 PM"
"3 Day Parking Infraction","Parking Enforcement","31##","RIBERDY","WARD 9","Phone","JAN 03, 2024 03:17:50 PM"
"3 Day Parking Infraction","Parking Enforcement","22##","LINCOLN","WARD 4","Phone","JAN 08, 2024 09:45:05 AM"
"3 Day Parking Infraction","Parking Enforcement","13##","DARLINGTON","WARD 6","Phone","JAN 04, 2024 09:13:31 AM"
"3 Day Parking Infraction","Parking Enforcement","10##","ASKIN","WARD 2","Phone","JAN 08, 2024 11:15:50 AM"
"3 Day Parking Infraction","Parking Enforcement","13##","DARLINGTON","WARD 6","Phone","JAN 04, 2024 09:15:34 AM"
"3 Day Parking Infraction","Parking Enforcement"," ","YPRES AVE & LINCOLN RD","WARD 4","Phone","JAN 04, 2024 03:20:18 PM"
"3 Day Parking Infraction","Parking Enforcement","15##","GLADSTONE","WARD 4","Phone","JAN 08, 2024 12:48:28 PM"
"3 Day Parking Infraction","Parking Enforcement","17##","KIRKLAND","WARD 7","Phone","JAN 05, 2024 01:40:34 PM"
"3 Day Parking Infraction","Parking Enforcement","22##","WOODLAWN","WARD 4","Text","FEB 08, 2024 12:16:38 PM"
"3 Day Parking Infraction","Parking Enforcement","17##","ALBERT","WARD 5","E-Mail","JAN 03, 2024 09:31:11 AM"
"3 Day Parking Infraction","Parking Enforcement","26##","LANGLOIS","WARD 10","Phone","JAN 02, 2024 08:47:56 AM"
"3 Day Parking Infraction","Parking Enforcement","9##","MARION","WARD 4","Phone","FEB 29, 2024 01:51:16 PM"
"3 Day Parking Infraction","Parking Enforcement","9##","MARION","WARD 4","Phone","MAR 06, 2024 02:30:29 PM"
"3 Day Parking Infraction","Parking Enforcement","14##","BRUCE","WARD 3","Phone","JAN 23, 2024 01:00:23 PM"
"3 Day Parking Infraction","Parking Enforcement","9##","WINDSOR","WARD 3","Phone","JAN 31, 2024 02:09:38 PM"
"3 Day Parking Infraction","Parking Enforcement","11##","PRADO","WARD 6","Phone","JAN 31, 2024 02:25:53 PM"
"3 Day Parking Infraction","Parking Enforcement","14##","OLIVE","WARD 8","Phone","JAN 31, 2024 02:40:01 PM"
"3 Day Parking Infraction","Parking Enforcement","10##","PARENT","WARD 4","Phone","FEB 02, 2024 09:59:34 AM"
"3 Day Parking Infraction","Parking Enforcement","17##","ALBERT","WARD 5","Phone","FEB 06, 2024 09:14:21 AM"
"3 Day Parking Infraction","Parking Enforcement","17##","ALBERT","WARD 5","E-Mail","FEB 06, 2024 09:16:22 AM"
"3 Day Parking Infraction","Parking Enforcement","22##","HALL","WARD 4","Phone","FEB 06, 2024 02:13:57 PM"
"3 Day Parking Infraction","Parking Enforcement","18##","MOY","WARD 4","Phone","FEB 06, 2024 03:34:56 PM"
"3 Day Parking Infraction","Parking Enforcement","15##","VICTORIA","WARD 3","Phone","FEB 07, 2024 10:02:20 AM"
"3 Day Parking Infraction","Parking Enforcement","23##","TRANQUILITY","WARD 7","Citizen Mobile Apps","FEB 07, 2024 10:57:05 AM"
"3 Day Parking Infraction","Parking Enforcement","27##","JOS ST LOUIS","WARD 8","Phone","FEB 07, 2024 01:43:05 PM"
"3 Day Parking Infraction","Parking Enforcement","16##","CHURCH","WARD 3","Phone","FEB 09, 2024 09:50:19 AM"
"3 Day Parking Infraction","Parking Enforcement","25##","LLOYD GEORGE","WARD 8","Phone","FEB 09, 2024 10:47:00 AM"
"3 Day Parking Infraction","Parking Enforcement","26##","LANGLOIS","WARD 10","Phone","FEB 13, 2024 10:46:20 AM"
"3 Day Parking Infraction","Parking Enforcement","18##","MOY","WARD 4","Phone","FEB 08, 2024 03:30:58 PM"
"3 Day Parking Infraction","Parking Enforcement","16##","CHURCH","WARD 3","Phone","FEB 09, 2024 02:55:59 PM"
"3 Day Parking Infraction","Parking Enforcement","23##","KATELLA","WARD 7","Phone","MAR 08, 2024 02:38:13 PM"
"3 Day Parking Infraction","Parking Enforcement","43##","ASHFIELD","WARD 1","Phone","MAR 13, 2024 03:02:20 PM"
"3 Day Parking Infraction","Parking Enforcement","45##","SASSAFRAS","WARD 9","Phone","MAR 13, 2024 12:05:01 PM"
"3 Day Parking Infraction","Parking Enforcement","1##","OAK","WARD 3","Phone","MAR 15, 2024 01:19:33 PM"
"3 Day Parking Infraction","Parking Enforcement","21##","WOODLAWN","WARD 4","E-Mail","MAR 19, 2024 09:22:24 AM"
"3 Day Parking Infraction","Parking Enforcement","22##","FOREST","WARD 4","E-Mail","MAR 19, 2024 09:30:14 AM"
"3 Day Parking Infraction","Parking Enforcement","21##","WOODLAWN","WARD 4","E-Mail","MAR 19, 2024 09:24:16 AM"
"3 Day Parking Infraction","Parking Enforcement","30##","MEADOWBROOK","WARD 8","Phone","FEB 01, 2024 04:00:32 PM"
"3 Day Parking Infraction","Parking Enforcement","26##","LANGLOIS","WARD 10","Phone","MAR 19, 2024 11:43:14 AM"
"3 Day Parking Infraction","Parking Enforcement","31##","SEVILLE","WARD 7","Phone","FEB 06, 2024 10:23:11 AM"
"3 Day Parking Infraction","Parking Enforcement","26##","LANGLOIS","WARD 10","Phone","FEB 08, 2024 08:17:45 AM"
"3 Day Parking Infraction","Parking Enforcement","6##","BRIDGE","WARD 2","Phone","MAR 19, 2024 08:57:58 AM"
"3 Day Parking Infraction","Parking Enforcement","45##","SASSAFRAS","WARD 9","Phone","MAR 19, 2024 09:08:02 AM"
"3 Day Parking Infraction","Parking Enforcement","21##","JANETTE","WARD 3","Phone","MAR 19, 2024 09:34:15 AM"
"3 Day Parking Infraction","Parking Enforcement","23##","AUBIN","WARD 5","Phone","MAR 19, 2024 10:08:30 AM"
"3 Day Parking Infraction","Parking Enforcement","11##","CAMPBELL","WARD 2","Phone","MAR 19, 2024 01:52:12 PM"
"3 Day Parking Infraction","Parking Enforcement","22##","YORK","WARD 3","Phone","MAR 19, 2024 03:49:10 PM"
"3 Day Parking Infraction","Parking Enforcement","17##","ALBERT","WARD 5","E-Mail","MAR 05, 2024 03:07:21 PM"
"3 Day Parking Infraction","Parking Enforcement","30##","MEADOWBROOK","WARD 8","Phone","MAR 06, 2024 03:25:06 PM"
"3 Day Parking Infraction","Parking Enforcement","22##","WOODLAWN","WARD 4","Citizen Mobile Apps","MAR 08, 2024 11:50:12 AM"
"3 Day Parking Infraction","Parking Enforcement","14##","MOY","WARD 4","Phone","MAR 13, 2024 11:26:43 AM"
"3 Day Parking Infraction","Parking Enforcement","33##","MCKAY","WARD 1","Phone","MAR 13, 2024 11:50:52 AM"
"3 Day Parking Infraction","Parking Enforcement","12##","ALBERT","WARD 5","Phone","MAR 13, 2024 12:00:56 PM"
"3 Day Parking Infraction","Parking Enforcement","1##","OAK","WARD 3","Phone","MAR 15, 2024 11:22:40 AM"
"3 Day Parking Infraction","Parking Enforcement","21##","WOODLAWN","WARD 4","Phone","MAR 15, 2024 02:52:15 PM"
"3 Day Parking Infraction","Parking Enforcement","12##","DOUGALL","WARD 3","Phone","MAR 15, 2024 08:59:33 AM"
"3 Day Parking Infraction","Parking Enforcement","14##","ELLROSE","WARD 5","Phone","MAR 15, 2024 11:10:34 AM"
"3 Day Parking Infraction","Parking Enforcement","1##","OAK","WARD 3","Phone","MAR 15, 2024 11:21:56 AM"
"3 Day Parking Infraction","Parking Enforcement","1##","OAK","WARD 3","Phone","MAR 15, 2024 01:17:34 PM"
"3 Day Parking Infraction","Parking Enforcement","30##","MEADOWBROOK","WARD 8","Phone","FEB 01, 2024 03:56:31 PM"
"3 Day Parking Infraction","Parking Enforcement","12##","ELSMERE","WARD 4","Phone","FEB 05, 2024 09:45:28 AM"
"3 Day Parking Infraction","Parking Enforcement","16##","MARK","WARD 10","Phone","FEB 14, 2024 11:03:51 AM"
"3 Day Parking Infraction","Parking Enforcement","14##","DOBRICH","WARD 10","Phone","FEB 23, 2024 11:32:47 AM"
"3 Day Parking Infraction","Parking Enforcement","35##","WOLFE","WARD 2","Phone","MAR 01, 2024 10:58:47 AM"
"3 Day Parking Infraction","Parking Enforcement","4##","LOUIS","WARD 4","Phone","MAR 01, 2024 10:52:49 AM"
"3 Day Parking Infraction","Parking Enforcement","45##","SASSAFRAS","WARD 9","Phone","FEB 05, 2024 10:31:59 AM"
"3 Day Parking Infraction","Parking Enforcement","10##","FAIRVIEW","WARD 6","Phone","FEB 12, 2024 09:50:01 AM"
"3 Day Parking Infraction","Parking Enforcement","36##","WILDWOOD","WARD 7","Phone","FEB 13, 2024 11:30:47 AM"
"3 Day Parking Infraction","Parking Enforcement","21##","WOODLAWN","WARD 4","E-Mail","FEB 05, 2024 10:34:03 AM"
"3 Day Parking Infraction","Parking Enforcement","22##","FOREST","WARD 4","E-Mail","FEB 05, 2024 10:36:04 AM"
"3 Day Parking Infraction","Parking Enforcement","22##","WOODLAWN","WARD 4","E-Mail","FEB 05, 2024 10:42:11 AM"
"3 Day Parking Infraction","Parking Enforcement"," ","LENS AVE & FOREST AVE","WARD 4","E-Mail","FEB 05, 2024 11:02:25 AM"
"3 Day Parking Infraction","Parking Enforcement","25##","RIVARD","WARD 8","Phone","FEB 06, 2024 02:05:50 PM"
"3 Day Parking Infraction","Parking Enforcement","11##","LENS","WARD 4","E-Mail","FEB 09, 2024 08:39:34 AM"
"3 Day Parking Infraction","Parking Enforcement","21##","WOODLAWN","WARD 4","E-Mail","FEB 09, 2024 08:47:37 AM"
"3 Day Parking Infraction","Parking Enforcement"," ","LENS AVE & FOREST AVE","WARD 4","E-Mail","FEB 07, 2024 08:49:28 AM"
"3 Day Parking Infraction","Parking Enforcement","11##","LENS","WARD 4","E-Mail","FEB 09, 2024 08:33:25 AM"
"3 Day Parking Infraction","Parking Enforcement","119##","THISTLEDOWN","WARD 7","Phone","FEB 21, 2024 02:44:05 PM"
"3 Day Parking Infraction","Parking Enforcement","37##","MORRIS","WARD 1","Phone","FEB 22, 2024 10:02:10 AM"
"3 Day Parking Infraction","Parking Enforcement","37##","MORRIS","WARD 1","Phone","FEB 22, 2024 10:04:08 AM"
"3 Day Parking Infraction","Parking Enforcement","29##","LOEBACH","WARD 8","Phone","FEB 23, 2024 10:27:54 AM"
"3 Day Parking Infraction","Parking Enforcement","22##","MCKAY","WARD 10","Phone","FEB 26, 2024 09:29:32 AM"
"3 Day Parking Infraction","Parking Enforcement","10##","LENS","WARD 4","E-Mail","FEB 26, 2024 12:43:48 PM"
"3 Day Parking Infraction","Parking Enforcement","22##","FOREST","WARD 4","E-Mail","FEB 26, 2024 12:45:53 PM"
"3 Day Parking Infraction","Parking Enforcement","22##","FOREST","WARD 4","E-Mail","FEB 26, 2024 12:47:52 PM"
"3 Day Parking Infraction","Parking Enforcement","82##","GREGORY","WARD 6","Phone","FEB 29, 2024 09:11:57 AM"
"3 Day Parking Infraction","Parking Enforcement","19##","MCKAY","WARD 10","Citizen Mobile Apps","FEB 29, 2024 12:08:02 PM"
"3 Day Parking Infraction","Parking Enforcement","13##","UNIVERSITY","WARD 2","Phone","MAR 04, 2024 11:55:33 AM"
"3 Day Parking Infraction","Parking Enforcement","82##","GREGORY","WARD 6","Phone","FEB 29, 2024 09:13:56 AM"
"3 Day Parking Infraction","Parking Enforcement","22##","FOREST","WARD 4","E-Mail","FEB 29, 2024 12:16:11 PM"
"3 Day Parking Infraction","Parking Enforcement","10##","LENS","WARD 4","E-Mail","FEB 29, 2024 12:20:13 PM"
"3 Day Parking Infraction","Parking Enforcement","22##","FOREST","WARD 4","Phone","MAR 05, 2024 09:15:08 AM"
"3 Day Parking Infraction","Parking Enforcement","13##","DOUGALL","WARD 3","Phone","FEB 27, 2024 11:06:28 AM"
"3 Day Parking Infraction","Parking Enforcement","19##","CHATEAU","WARD 7","Phone","JAN 24, 2024 03:06:08 PM"
"3 Day Parking Infraction","Parking Enforcement","29##","ASKIN","WARD 10","Phone","JAN 26, 2024 10:31:23 AM"
"3 Day Parking Infraction","Parking Enforcement","10##","MARENTETTE","WARD 4","Phone","JAN 26, 2024 02:16:04 PM"
"3 Day Parking Infraction","Parking Enforcement","16##","RANDOLPH","WARD 10","Phone","JAN 30, 2024 09:45:16 AM"
"3 Day Parking Infraction","Parking Enforcement","17##","CALDERWOOD","WARD 9","Phone","FEB 15, 2024 03:42:51 PM"
"3 Day Parking Infraction","Parking Enforcement","27##","BUCKINGHAM","WARD 8","Phone","FEB 16, 2024 08:25:06 AM"
"3 Day Parking Infraction","Parking Enforcement","13##","GEORGE","WARD 5","Phone","FEB 22, 2024 12:27:53 PM"
"3 Day Parking Infraction","Parking Enforcement","14##","ELLROSE","WARD 5","Phone","FEB 22, 2024 02:13:06 PM"
"3 Day Parking Infraction","Parking Enforcement","14##","LINCOLN","WARD 4","Phone","FEB 22, 2024 03:09:46 PM"
"3 Day Parking Infraction","Parking Enforcement","18##","MOY","WARD 4","Phone","FEB 22, 2024 03:32:03 PM"
"3 Day Parking Infraction","Parking Enforcement","4##","HALL","WARD 4","Phone","FEB 26, 2024 10:12:05 AM"
"3 Day Parking Infraction","Parking Enforcement","54##","LASSALINE","WARD 8","Phone","FEB 26, 2024 10:18:04 AM"
"3 Day Parking Infraction","Parking Enforcement","22##","FOREST","WARD 4","E-Mail","FEB 26, 2024 12:49:53 PM"
"3 Day Parking Infraction","Parking Enforcement","32##","EVERTS","WARD 1","Phone","FEB 26, 2024 03:39:55 PM"
"3 Day Parking Infraction","Parking Enforcement","54##","LASSALINE","WARD 8","Phone","FEB 26, 2024 10:18:08 AM"
"3 Day Parking Infraction","Parking Enforcement","31##","SEVILLE","WARD 7","Phone","FEB 13, 2024 12:01:11 PM"
"3 Day Parking Infraction","Parking Enforcement","17##","KIRKLAND","WARD 7","Phone","MAR 07, 2024 01:31:32 PM"
"3 Day Parking Infraction","Parking Enforcement","10##","PARENT","WARD 4","Phone","MAR 05, 2024 03:57:56 PM"
"3 Day Parking Infraction","Parking Enforcement","32##","AURORA","WARD 7","Phone","MAR 06, 2024 11:09:58 AM"
"3 Day Parking Infraction","Parking Enforcement","10##","LENS","WARD 4","E-Mail","MAR 11, 2024 11:32:44 AM"
"3 Day Parking Infraction","Parking Enforcement","21##","WOODLAWN","WARD 4","E-Mail","MAR 11, 2024 11:34:44 AM"
"3 Day Parking Infraction","Parking Enforcement","11##","BROCK","WARD 2","E-Mail","MAR 11, 2024 12:41:30 PM"
"3 Day Parking Infraction","Parking Enforcement","9##","CHURCH","WARD 3","Citizen Mobile Apps","MAR 11, 2024 02:38:54 PM"
"3 Day Parking Infraction","Parking Enforcement","11##","BROCK","WARD 2","E-Mail","MAR 14, 2024 12:40:19 PM"
"3 Day Parking Infraction","Parking Enforcement"," ","LONE PINE ST & MAPLE LEAF CRES","WARD 9","Phone","JAN 11, 2024 09:03:36 AM"
"3 Day Parking Infraction","Parking Enforcement","36##","KING","WARD 2","Phone","JAN 19, 2024 09:31:27 AM"
"3 Day Parking Infraction","Parking Enforcement","46##","BUNKER","WARD 9","Phone","JAN 24, 2024 08:40:33 AM"
"3 Day Parking Infraction","Parking Enforcement","10##","OAK","WARD 3","Phone","JAN 24, 2024 11:33:40 AM"
"3 Day Parking Infraction","Parking Enforcement","16##","GREENVIEW","WARD 2","Phone","JAN 24, 2024 11:49:47 AM"
"3 Day Parking Infraction","Parking Enforcement","21##","BRUCE","WARD 3","Phone","JAN 24, 2024 03:02:07 PM"
"3 Day Parking Infraction","Parking Enforcement","13##","COPPERFIELD","WARD 6","Phone","JAN 26, 2024 02:32:18 PM"
"3 Day Parking Infraction","Parking Enforcement","22##","NORTHWAY","WARD 10","Phone","MAR 11, 2024 10:21:51 AM"
"3 Day Parking Infraction","Parking Enforcement","17##","ALBERT","WARD 5","E-Mail","MAR 18, 2024 09:55:25 AM"
"3 Day Parking Infraction","Parking Enforcement","17##","ALBERT","WARD 5","E-Mail","MAR 18, 2024 09:53:26 AM"
"3 Day Parking Infraction","Parking Enforcement","26##","LANGLOIS","WARD 10","Phone","MAR 18, 2024 10:29:41 AM"
"3 Day Parking Infraction","Parking Enforcement","10##","COVENTRY","WARD 6","Citizen Mobile Apps","MAR 18, 2024 11:09:59 AM"
"3 Day Parking Infraction","Parking Enforcement","4##","MOY","WARD 4","Phone","FEB 16, 2024 03:28:11 PM"
"3 Day Parking Infraction","Parking Enforcement","4##","HALL","WARD 4","Phone","FEB 20, 2024 03:00:55 PM"
"3 Day Parking Infraction","Parking Enforcement","10##","JANETTE","WARD 3","Phone","FEB 26, 2024 08:40:54 AM"
"3 Day Parking Infraction","Parking Enforcement","2##","JOSEPHINE","WARD 2","Phone","FEB 26, 2024 09:23:24 AM"
"3 Day Parking Infraction","Parking Enforcement","11##","LENS","WARD 4","E-Mail","FEB 26, 2024 12:51:56 PM"
"3 Day Parking Infraction","Parking Enforcement","10##","MARENTETTE","WARD 4","Phone","FEB 26, 2024 02:10:51 PM"
"3 Day Parking Infraction","Parking Enforcement","17##","ALBERT","WARD 5","E-Mail","FEB 27, 2024 09:13:04 AM"
"3 Day Parking Infraction","Parking Enforcement","17##","ALBERT","WARD 5","E-Mail","FEB 27, 2024 09:13:08 AM"
"3 Day Parking Infraction","Parking Enforcement","5##","JANETTE","WARD 3","Phone","FEB 22, 2024 10:12:14 AM"
"3 Day Parking Infraction","Parking Enforcement","17##","ALBERT","WARD 5","E-Mail","MAR 06, 2024 09:24:40 AM"
"3 Day Parking Infraction","Parking Enforcement","10##","GILES","WARD 4","Phone","MAR 06, 2024 12:00:33 PM"
"3 Day Parking Infraction","Parking Enforcement","26##","LANGLOIS","WARD 10","Phone","MAR 06, 2024 02:12:10 PM"
"3 Day Parking Infraction","Parking Enforcement","24##","MERCER","WARD 3","Phone","MAR 06, 2024 02:38:29 PM"
"3 Day Parking Infraction","Parking Enforcement","8##","PRADO","WARD 6","E-Mail","MAR 06, 2024 03:16:59 PM"
"3 Day Parking Infraction","Parking Enforcement","17##","LANGLOIS","WARD 4","Phone","MAR 08, 2024 11:21:52 AM"
"3 Day Parking Infraction","Parking Enforcement","17##","LANGLOIS","WARD 4","Phone","MAR 14, 2024 03:47:43 PM"
"3 Day Parking Infraction","Parking Enforcement","15##","CHURCH","WARD 3","Phone","MAR 13, 2024 03:54:43 PM"
"3 Day Parking Infraction","Parking Enforcement","18##","MOY","WARD 4","Citizen Mobile Apps","MAR 14, 2024 11:41:49 AM"
"3 Day Parking Infraction","Parking Enforcement","2##","ELLIOTT","WARD 3","Phone","JAN 18, 2024 11:15:22 AM"
"3 Day Parking Infraction","Parking Enforcement","22##","ROXBOROUGH","WARD 10","Phone","JAN 26, 2024 09:26:39 AM"
"3 Day Parking Infraction","Parking Enforcement","19##","MCKAY","WARD 10","Phone","JAN 26, 2024 01:05:15 PM"
"3 Day Parking Infraction","Parking Enforcement","6##","ASSUMPTION","WARD 4","Phone","JAN 30, 2024 08:58:44 AM"
"3 Day Parking Infraction","Parking Enforcement","10##","JANETTE","WARD 3","Phone","JAN 30, 2024 01:11:47 PM"
"3 Day Parking Infraction","Parking Enforcement","26##","CLEMENCEAU","WARD 8","Phone","JAN 31, 2024 09:26:16 AM"
"3 Day Parking Infraction","Parking Enforcement","42##","WHISKEY","WARD 1","Phone","JAN 31, 2024 10:55:27 AM"
"3 Day Parking Infraction","Parking Enforcement","15##","CHANDLER","WARD 5","Phone","JAN 31, 2024 11:11:32 AM"
"3 Day Parking Infraction","Parking Enforcement","10##","PARENT","WARD 4","Phone","FEB 02, 2024 10:01:31 AM"
"3 Day Parking Infraction","Parking Enforcement","10##","WIGLE","WARD 2","Phone","FEB 02, 2024 11:02:20 AM"
"3 Day Parking Infraction","Parking Enforcement","8##","SHEPHERD","WARD 4","Phone","FEB 02, 2024 01:48:15 PM"
"3 Day Parking Infraction","Parking Enforcement","22##","WOODLAWN","WARD 4","Text","FEB 05, 2024 10:09:44 AM"
"3 Day Parking Infraction","Parking Enforcement"," ","LENS AVE & FOREST AVE","WARD 4","E-Mail","FEB 05, 2024 11:04:24 AM"
"3 Day Parking Infraction","Parking Enforcement"," ","LENS AVE & FOREST AVE","WARD 4","E-Mail","FEB 05, 2024 11:04:26 AM"
"3 Day Parking Infraction","Parking Enforcement","22##","FOREST","WARD 4","E-Mail","FEB 05, 2024 11:08:26 AM"
"3 Day Parking Infraction","Parking Enforcement","10##","JANETTE","WARD 3","Phone","FEB 06, 2024 08:44:03 AM"
"3 Day Parking Infraction","Parking Enforcement","4##","HALL","WARD 4","Phone","FEB 06, 2024 10:29:18 AM"
"3 Day Parking Infraction","Parking Enforcement","13##","MARENTETTE","WARD 4","Phone","FEB 06, 2024 01:13:16 PM"
"3 Day Parking Infraction","Parking Enforcement","119##","THISTLEDOWN","WARD 7","Phone","FEB 13, 2024 09:57:40 AM"
"3 Day Parking Infraction","Parking Enforcement"," ","NORTHWAY AVE & LABELLE ST","WARD 10","Phone","FEB 14, 2024 11:11:57 AM"
"3 Day Parking Infraction","Parking Enforcement","22##","FOREST","WARD 4","E-Mail","FEB 16, 2024 11:19:11 AM"
"3 Day Parking Infraction","Parking Enforcement","22##","FOREST","WARD 4","E-Mail","FEB 16, 2024 11:25:17 AM"
"3 Day Parking Infraction","Parking Enforcement","10##","JANETTE","WARD 3","Phone","FEB 15, 2024 12:46:43 PM"
"3 Day Parking Infraction","Parking Enforcement","10##","JANETTE","WARD 3","Phone","FEB 15, 2024 12:48:44 PM"
"3 Day Parking Infraction","Parking Enforcement","17##","ALBERT","WARD 5","E-Mail","FEB 27, 2024 09:13:09 AM"
"3 Day Parking Infraction","Parking Enforcement","26##","LANGLOIS","WARD 10","Phone","FEB 27, 2024 10:50:15 AM"
"3 Day Parking Infraction","Parking Enforcement","17##","KIRKLAND","WARD 7","Citizen Mobile Apps","MAR 04, 2024 10:38:34 AM"
"3 Day Parking Infraction","Parking Enforcement","4##","HALL","WARD 4","Phone","FEB 26, 2024 10:14:01 AM"
"3 Day Parking Infraction","Parking Enforcement","10##","MARENTETTE","WARD 4","Phone","FEB 26, 2024 02:12:52 PM"
"3 Day Parking Infraction","Parking Enforcement","26##","LANGLOIS","WARD 10","Phone","FEB 28, 2024 01:21:31 PM"
"3 Day Parking Infraction","Parking Enforcement"," ","LENS AVE & WOODLAWN AVE","WARD 4","E-Mail","FEB 05, 2024 11:10:27 AM"
"3 Day Parking Infraction","Parking Enforcement","21##","WOODLAWN","WARD 4","Phone","FEB 05, 2024 11:40:49 AM"
"3 Day Parking Infraction","Parking Enforcement","22##","WOODLAWN","WARD 4","E-Mail","FEB 05, 2024 11:46:52 AM"
"3 Day Parking Infraction","Parking Enforcement","10##","WIGLE","WARD 2","Phone","FEB 02, 2024 11:04:16 AM"
"3 Day Parking Infraction","Parking Enforcement","10##","JANETTE","WARD 3","Phone","FEB 02, 2024 01:34:02 PM"
"3 Day Parking Infraction","Parking Enforcement","22##","ROXBOROUGH","WARD 10","Citizen Mobile Apps","FEB 05, 2024 11:34:49 AM"
"3 Day Parking Infraction","Parking Enforcement","16##","ELSMERE","WARD 4","Phone","JAN 24, 2024 12:56:46 PM"
"3 Day Parking Infraction","Parking Enforcement","26##","LANGLOIS","WARD 10","Phone","JAN 25, 2024 08:18:35 AM"
"3 Day Parking Infraction","Parking Enforcement","13##","LANGLOIS","WARD 4","Phone","JAN 25, 2024 08:40:51 AM"
"3 Day Parking Infraction","Parking Enforcement"," ","LENS AVE & WOODLAWN AVE","WARD 4","E-Mail","JAN 25, 2024 09:37:31 AM"
"3 Day Parking Infraction","Parking Enforcement","21##","WOODLAWN","WARD 4","E-Mail","JAN 25, 2024 09:37:33 AM"
"3 Day Parking Infraction","Parking Enforcement"," ","LENS AVE & FOREST AVE","WARD 4","E-Mail","JAN 25, 2024 09:39:34 AM"
"3 Day Parking Infraction","Parking Enforcement"," ","LENS AVE & WELLESLEY AVE","WARD 4","E-Mail","JAN 25, 2024 09:41:34 AM"
"3 Day Parking Infraction","Parking Enforcement","16##","ELSMERE","WARD 4","Phone","JAN 24, 2024 12:58:37 PM"
"3 Day Parking Infraction","Parking Enforcement","27##","CURRY","WARD 10","Phone","FEB 13, 2024 11:42:57 AM"
"3 Day Parking Infraction","Parking Enforcement","26##","LANGLOIS","WARD 10","Phone","FEB 16, 2024 08:25:05 AM"
"3 Day Parking Infraction","Parking Enforcement","10##","JANETTE","WARD 3","Phone","FEB 16, 2024 10:30:36 AM"
"3 Day Parking Infraction","Parking Enforcement","9##","CAMPBELL","WARD 2","E-Mail","FEB 16, 2024 12:42:11 PM"
"3 Day Parking Infraction","Parking Enforcement","10##","JANETTE","WARD 3","Phone","FEB 20, 2024 08:36:20 AM"
"3 Day Parking Infraction","Parking Enforcement","22##","WOODLAWN","WARD 4","Phone","FEB 20, 2024 09:20:57 AM"
"3 Day Parking Infraction","Parking Enforcement","4##","CARLING","WARD 6","Text","FEB 20, 2024 02:40:38 PM"
"3 Day Parking Infraction","Parking Enforcement","14##","ARTHUR","WARD 5","Phone","FEB 20, 2024 03:13:02 PM"
"3 Day Parking Infraction","Parking Enforcement","11##","LENS","WARD 4","E-Mail","FEB 22, 2024 11:41:20 AM"
"3 Day Parking Infraction","Parking Enforcement","21##","WOODLAWN","WARD 4","E-Mail","FEB 22, 2024 11:43:18 AM"
"3 Day Parking Infraction","Parking Enforcement","22##","FOREST","WARD 4","E-Mail","FEB 22, 2024 11:45:22 AM"
"3 Day Parking Infraction","Parking Enforcement","22##","FOREST","WARD 4","E-Mail","FEB 22, 2024 11:47:23 AM"
"3 Day Parking Infraction","Parking Enforcement","22##","FOREST","WARD 4","E-Mail","FEB 22, 2024 12:23:48 PM"
"3 Day Parking Infraction","Parking Enforcement","22##","FOREST","WARD 4","E-Mail","FEB 22, 2024 12:25:48 PM"
"3 Day Parking Infraction","Parking Enforcement","10##","JANETTE","WARD 3","Phone","FEB 20, 2024 08:32:18 AM"
"3 Day Parking Infraction","Parking Enforcement","26##","LANGLOIS","WARD 10","Phone","FEB 20, 2024 10:49:56 AM"
"3 Day Parking Infraction","Parking Enforcement","26##","LANGLOIS","WARD 10","Phone","FEB 23, 2024 03:11:20 PM"
"3 Day Parking Infraction","Parking Enforcement","15##","ELSMERE","WARD 4","Citizen Mobile Apps","JAN 19, 2024 11:48:28 AM"
"3 Day Parking Infraction","Parking Enforcement","13##","MARENTETTE","WARD 4","Phone","JAN 22, 2024 09:06:14 AM"
"3 Day Parking Infraction","Parking Enforcement","19##","VENETIAN","WARD 7","Web Intake","FEB 20, 2024 11:38:28 AM"
"3 Day Parking Infraction","Parking Enforcement","17##","KIRKLAND","WARD 7","Phone","FEB 20, 2024 02:02:12 PM"
"3 Day Parking Infraction","Parking Enforcement","35##","WOLFE","WARD 2","Phone","MAR 01, 2024 01:20:38 PM"
"3 Day Parking Infraction","Parking Enforcement","31##","RIBERDY","WARD 9","Phone","MAR 05, 2024 11:42:53 AM"
"3 Day Parking Infraction","Parking Enforcement","19##","VENETIAN","WARD 7","Citizen Mobile Apps","MAR 05, 2024 01:40:16 PM"
"3 Day Parking Infraction","Parking Enforcement","19##","VENETIAN","WARD 7","Citizen Mobile Apps","MAR 05, 2024 01:54:26 PM"
"3 Day Parking Infraction","Parking Enforcement","13##","UNIVERSITY","WARD 2","Phone","MAR 06, 2024 02:08:11 PM"
"3 Day Parking Infraction","Parking Enforcement","36##","WOLFE","WARD 2","Phone","JAN 23, 2024 02:39:35 PM"
"3 Day Parking Infraction","Parking Enforcement","11##","LENS","WARD 4","E-Mail","JAN 29, 2024 10:24:30 AM"
"3 Day Parking Infraction","Parking Enforcement","10##","LENS","WARD 4","Phone","JAN 29, 2024 10:30:45 AM"
"3 Day Parking Infraction","Parking Enforcement","31##","CONSERVATION","WARD 9","Phone","JAN 29, 2024 10:32:36 AM"
"3 Day Parking Infraction","Parking Enforcement","96##","MELVILLE","WARD 7","Phone","JAN 29, 2024 11:55:34 AM"
"3 Day Parking Infraction","Parking Enforcement"," ","CATARAQUI ST & HALL AVE","WARD 4","Phone","JAN 29, 2024 02:03:05 PM"
"3 Day Parking Infraction","Parking Enforcement"," ","HALL AVE & CATARAQUI ST","WARD 4","Phone","JAN 29, 2024 02:05:10 PM"
"3 Day Parking Infraction","Parking Enforcement"," ","LORAINE AVE & KILDARE RD","WARD 4","Phone","JAN 29, 2024 02:11:14 PM"
"3 Day Parking Infraction","Parking Enforcement","33##","WILDWOOD","WARD 7","Phone","JAN 29, 2024 03:34:09 PM"
"3 Day Parking Infraction","Parking Enforcement","9##","ESDRAS","WARD 6","Phone","JAN 30, 2024 02:00:21 PM"
"3 Day Parking Infraction","Parking Enforcement","4##","WINDERMERE","WARD 4","Citizen Mobile Apps","JAN 31, 2024 10:47:20 AM"
"3 Day Parking Infraction","Parking Enforcement","13##","MARENTETTE","WARD 4","Phone","JAN 31, 2024 02:31:58 PM"
"3 Day Parking Infraction","Parking Enforcement","36##","WOLFE","WARD 2","Phone","JAN 23, 2024 02:43:38 PM"
"3 Day Parking Infraction","Parking Enforcement","11##","LENS","WARD 4","E-Mail","FEB 15, 2024 11:23:38 AM"
"3 Day Parking Infraction","Parking Enforcement","16##","FERNDALE","WARD 8","Citizen Mobile Apps","FEB 15, 2024 11:50:02 AM"
"3 Day Parking Infraction","Parking Enforcement","22##","ROXBOROUGH","WARD 10","Phone","FEB 16, 2024 08:41:17 AM"
"3 Day Parking Infraction","Parking Enforcement","10##","JANETTE","WARD 3","Phone","FEB 16, 2024 10:32:38 AM"
"3 Day Parking Infraction","Parking Enforcement","22##","FOREST","WARD 4","E-Mail","FEB 16, 2024 11:21:11 AM"
"3 Day Parking Infraction","Parking Enforcement","11##","LENS","WARD 4","E-Mail","FEB 16, 2024 11:23:12 AM"
"3 Day Parking Infraction","Parking Enforcement","16##","FORD","WARD 8","Phone","FEB 16, 2024 11:25:21 AM"
"3 Day Parking Infraction","Parking Enforcement","21##","WOODLAWN","WARD 4","E-Mail","FEB 16, 2024 11:27:15 AM"
"3 Day Parking Infraction","Parking Enforcement","16##","ASSUMPTION","WARD 4","Phone","MAR 07, 2024 11:22:02 AM"
"3 Day Parking Infraction","Parking Enforcement","22##","NORTHWAY","WARD 10","Phone","MAR 11, 2024 10:19:51 AM"
"3 Day Parking Infraction","Parking Enforcement","19##","VENETIAN","WARD 7","Phone","MAR 11, 2024 11:16:32 AM"
"3 Day Parking Infraction","Parking Enforcement","14##","ARTHUR","WARD 5","Phone","MAR 11, 2024 11:36:45 AM"
"3 Day Parking Infraction","Parking Enforcement","22##","ASKIN","WARD 10","Phone","MAR 11, 2024 01:36:09 PM"
"3 Day Parking Infraction","Parking Enforcement","22##","LAMONT","WARD 1","Phone","MAR 11, 2024 02:20:42 PM"
"3 Day Parking Infraction","Parking Enforcement"," ","TROUP CRES & URBAN LANE","WARD 7","Phone","MAR 12, 2024 09:18:48 AM"
"3 Day Parking Infraction","Parking Enforcement","30##","ERINDALE","WARD 9","Phone","MAR 12, 2024 10:35:22 AM"
"3 Day Parking Infraction","Parking Enforcement","1##","OAK","WARD 3","Phone","MAR 12, 2024 10:41:26 AM"
"3 Day Parking Infraction","Parking Enforcement","31##","RADISSON","WARD 1","Phone","MAR 12, 2024 01:16:34 PM"
"3 Day Parking Infraction","Parking Enforcement","33##","MCKAY","WARD 1","Phone","MAR 12, 2024 03:35:41 PM"
"3 Day Parking Infraction","Parking Enforcement","3##","RIVERSIDE","WARD 3","Phone","MAR 14, 2024 03:53:45 PM"
"3 Day Parking Infraction","Parking Enforcement","14##","PELISSIER","WARD 3","Phone","FEB 21, 2024 10:16:54 AM"
"3 Day Parking Infraction","Parking Enforcement","10##","PARENT","WARD 4","Phone","FEB 21, 2024 03:42:52 PM"
"3 Day Parking Infraction","Parking Enforcement","6##","CATARAQUI","WARD 4","Phone","FEB 26, 2024 02:27:03 PM"
"3 Day Parking Infraction","Parking Enforcement","82##","GREGORY","WARD 6","Phone","MAR 04, 2024 10:00:08 AM"
"3 Day Parking Infraction","Parking Enforcement","14##","ARTHUR","WARD 5","Phone","MAR 04, 2024 03:24:01 PM"
"3 Day Parking Infraction","Parking Enforcement","11##","LENS","WARD 4","Phone","MAR 05, 2024 09:21:12 AM"
"3 Day Parking Infraction","Parking Enforcement","21##","WOODLAWN","WARD 4","E-Mail","MAR 05, 2024 09:43:27 AM"
"3 Day Parking Infraction","Parking Enforcement","13##","KATELLA","WARD 7","Phone","MAR 05, 2024 09:49:29 AM"
"3 Day Parking Infraction","Parking Enforcement","54##","LASSALINE","WARD 8","Phone","MAR 05, 2024 12:43:45 PM"
"3 Day Parking Infraction","Parking Enforcement","54##","LASSALINE","WARD 8","Phone","MAR 05, 2024 12:49:43 PM"
"3 Day Parking Infraction","Parking Enforcement","16##","WINDSOR","WARD 3","Phone","MAR 05, 2024 01:38:15 PM"
"3 Day Parking Infraction","Parking Enforcement","12##","ABBEY","WARD 6","Citizen Mobile Apps","MAR 05, 2024 02:06:35 PM"
"3 Day Parking Infraction","Parking Enforcement","32##","AURORA","WARD 7","E-Mail","MAR 06, 2024 09:02:25 AM"
"3 Day Parking Infraction","Parking Enforcement","10##","COVENTRY","WARD 6","Phone","MAR 07, 2024 12:44:58 PM"
